t_end_s,n_total,n_valid,fault_mask,odba_g,peak_g,posture_deg,temp_c,pressure_kpa,z,state,alerts
36.0,7,0,31,0.0000,0.000,nan,nan,nan,0.00,UNKNOWN,0
138.0,10,0,3,0.0000,0.000,nan,21.07,100.960,0.00,UNKNOWN,0
186.0,7,2,7,0.0000,0.000,nan,20.83,100.960,0.00,UNKNOWN,32
1506.0,10,1,1,0.0000,0.000,nan,20.81,100.972,0.00,UNKNOWN,0
1566.0,10,2,1,0.0000,0.000,nan,20.62,100.972,0.00,UNKNOWN,0
1626.0,10,2,1,0.0000,0.000,nan,20.48,100.973,0.00,UNKNOWN,0
1686.0,10,1,1,0.0000,0.000,nan,20.36,100.971,0.00,UNKNOWN,0
1746.0,10,1,1,0.0000,0.000,nan,20.22,100.973,0.00,UNKNOWN,0
1806.0,10,2,1,0.0000,0.000,nan,20.13,100.972,0.00,UNKNOWN,0
1866.0,10,0,1,0.0000,0.000,nan,20.11,100.974,0.00,UNKNOWN,0
1926.0,10,1,1,0.0000,0.000,nan,19.98,100.971,0.00,UNKNOWN,0
1986.0,10,0,1,0.0000,0.000,nan,19.78,100.970,0.00,UNKNOWN,0
2046.0,10,1,1,0.0000,0.000,nan,19.60,100.970,0.00,UNKNOWN,0
2106.0,10,0,1,0.0000,0.000,nan,19.58,100.967,0.00,UNKNOWN,0
2166.0,10,1,1,0.0000,0.000,nan,19.67,100.966,0.00,UNKNOWN,0
2226.0,10,1,1,0.0000,0.000,nan,19.78,100.964,0.00,UNKNOWN,0
2226.0,1,0,1,0.0000,0.000,nan,nan,nan,0.00,UNKNOWN,0
3228.0,10,0,1,0.0000,0.000,nan,19.40,100.982,0.00,UNKNOWN,0
3288.0,10,0,7,0.0000,0.000,nan,19.40,100.981,0.00,UNKNOWN,0
3348.0,10,1,1,0.0000,0.000,nan,19.40,100.986,0.00,UNKNOWN,0
3408.0,10,0,1,0.0000,0.000,nan,19.40,100.987,0.00,UNKNOWN,0
3474.0,8,0,7,0.0000,0.000,nan,19.40,100.986,0.00,UNKNOWN,0
3534.0,10,0,1,0.0000,0.000,nan,19.40,100.990,0.00,UNKNOWN,0
3594.0,10,3,1,0.0000,0.000,nan,19.40,100.990,0.00,UNKNOWN,0
3654.0,10,1,1,0.0000,0.000,nan,19.40,100.990,0.00,UNKNOWN,0
3714.0,10,0,1,0.0000,0.000,nan,19.40,100.985,0.00,UNKNOWN,0
3774.0,10,0,1,0.0000,0.000,nan,19.40,100.981,0.00,UNKNOWN,0
3834.0,10,0,1,0.0000,0.000,nan,19.44,100.976,0.00,UNKNOWN,0
3894.0,10,0,1,0.0000,0.000,nan,19.77,100.975,0.00,UNKNOWN,0
3954.0,10,2,1,0.0000,0.000,nan,20.16,100.969,0.00,UNKNOWN,0
4014.0,10,1,1,0.0000,0.000,nan,20.45,100.969,0.00,UNKNOWN,0
4068.0,10,1,1,0.0000,0.000,nan,20.74,100.970,0.00,UNKNOWN,0
4578.0,10,2,1,0.0000,0.000,nan,20.37,100.918,0.00,UNKNOWN,0
4638.0,10,1,1,0.0000,0.000,nan,20.22,100.915,0.00,UNKNOWN,0
4698.0,10,1,1,0.0000,0.000,nan,20.10,100.917,0.00,UNKNOWN,0
4758.0,10,4,1,0.0000,0.000,nan,20.00,100.917,0.00,UNKNOWN,0
4818.0,10,1,1,0.0000,0.000,nan,19.90,100.915,0.00,UNKNOWN,0
4878.0,10,1,1,0.0000,0.000,nan,19.83,100.914,0.00,UNKNOWN,0
4938.0,10,1,1,0.0000,0.000,nan,19.80,100.910,0.00,UNKNOWN,0
4998.0,10,0,1,0.0000,0.000,nan,19.74,100.911,0.00,UNKNOWN,0
5058.0,10,2,1,0.0000,0.000,nan,19.67,100.916,0.00,UNKNOWN,0
5118.0,10,1,1,0.0000,0.000,nan,19.70,100.916,0.00,UNKNOWN,0
5178.0,10,0,1,0.0000,0.000,nan,19.70,100.920,0.00,UNKNOWN,0
5238.0,10,2,1,0.0000,0.000,nan,19.70,100.923,0.00,UNKNOWN,0
5298.0,10,2,7,0.0000,0.000,nan,19.64,100.926,0.00,UNKNOWN,0
5358.0,10,0,7,0.0000,0.000,nan,19.60,100.921,0.00,UNKNOWN,0
5418.0,10,0,7,0.0000,0.000,nan,19.56,100.921,0.00,UNKNOWN,0
5478.0,10,2,7,0.0000,0.000,nan,19.50,100.921,0.00,UNKNOWN,0
5538.0,10,0,7,0.0000,0.000,nan,19.54,100.927,0.00,UNKNOWN,0
5598.0,10,0,1,0.0000,0.000,nan,19.51,100.927,0.00,UNKNOWN,0
5622.0,5,0,7,0.0000,0.000,nan,19.50,100.925,0.00,UNKNOWN,0
6186.0,10,1,7,0.0000,0.000,nan,19.36,100.930,0.00,UNKNOWN,0
6246.0,10,1,1,0.0000,0.000,nan,19.53,100.932,0.00,UNKNOWN,0
6306.0,10,2,1,0.0000,0.000,nan,19.60,100.930,0.00,UNKNOWN,0
6366.0,10,2,1,0.0000,0.000,nan,19.52,100.929,0.00,UNKNOWN,0
6426.0,10,1,7,0.0000,0.000,nan,19.44,100.928,0.00,UNKNOWN,0
6486.0,10,3,7,0.0000,0.000,nan,19.31,100.929,0.00,UNKNOWN,0
6546.0,10,1,1,0.0000,0.000,nan,19.25,100.929,0.00,UNKNOWN,0
6606.0,10,4,1,0.0000,0.000,nan,19.20,100.930,0.00,UNKNOWN,0
6666.0,10,3,1,0.0000,0.000,nan,19.15,100.927,0.00,UNKNOWN,0
6726.0,10,2,1,0.0000,0.000,nan,19.10,100.924,0.00,UNKNOWN,0
6786.0,10,4,1,0.0000,0.000,nan,19.08,100.930,0.00,UNKNOWN,0
6846.0,10,3,7,0.0000,0.000,nan,19.02,100.932,0.00,UNKNOWN,0
6906.0,10,3,7,0.0000,0.000,nan,18.99,100.940,0.00,UNKNOWN,0
6966.0,10,4,7,0.0000,0.000,nan,18.98,100.934,0.00,UNKNOWN,0
7026.0,10,0,1,0.0000,0.000,nan,18.98,100.933,0.00,UNKNOWN,0
7086.0,10,2,1,0.0000,0.000,nan,18.92,100.932,0.00,UNKNOWN,0
7146.0,10,2,1,0.0000,0.000,nan,18.89,100.932,0.00,UNKNOWN,0
7206.0,10,1,1,0.0000,0.000,nan,18.90,100.932,0.00,UNKNOWN,0
7266.0,10,4,1,0.0000,0.000,nan,18.90,100.934,0.00,UNKNOWN,0
7278.0,3,1,7,0.0000,0.000,nan,18.90,100.933,0.00,UNKNOWN,0
7848.0,10,2,1,0.0000,0.000,nan,18.84,100.934,0.00,UNKNOWN,0
7866.0,4,0,7,0.0000,0.000,nan,19.05,100.943,0.00,UNKNOWN,0
7974.0,10,1,7,0.0000,0.000,nan,19.56,100.947,0.00,UNKNOWN,0
8034.0,8,2,3,0.0000,0.000,nan,19.97,100.945,0.00,UNKNOWN,0
8040.0,2,0,1,0.0000,0.000,nan,19.90,100.950,0.00,UNKNOWN,0
8118.0,8,4,1,0.6753,1.328,0.0,19.79,100.947,0.00,ACTIVE,0
22674.0,10,2,7,0.0000,0.000,nan,18.70,101.180,0.00,UNKNOWN,0
22734.0,10,1,1,0.0000,0.000,nan,18.11,101.176,0.00,UNKNOWN,0
22794.0,10,0,7,0.0000,0.000,nan,17.48,101.175,0.00,UNKNOWN,32
22800.0,2,0,3,0.0000,0.000,nan,17.20,101.170,0.00,UNKNOWN,0
24786.0,10,2,1,0.0000,0.000,nan,18.26,101.052,0.00,UNKNOWN,0
24846.0,10,1,1,0.0000,0.000,nan,18.24,101.105,0.00,UNKNOWN,0
24906.0,10,0,37,0.0000,0.000,nan,17.94,101.037,0.00,UNKNOWN,0
24966.0,10,1,5,0.0000,0.000,nan,18.68,101.090,0.00,UNKNOWN,0
25032.0,8,0,7,0.0000,0.000,nan,19.20,101.109,0.00,UNKNOWN,0
25092.0,10,1,37,0.0000,0.000,nan,19.84,101.099,0.00,UNKNOWN,0
25152.0,10,1,7,0.0000,0.000,nan,19.51,101.079,0.00,UNKNOWN,0
25212.0,10,1,7,0.0000,0.000,nan,18.68,101.080,0.00,UNKNOWN,0
25272.0,7,2,39,0.0000,0.000,nan,18.33,101.086,0.00,UNKNOWN,0
25332.0,10,0,37,0.0000,0.000,nan,17.51,100.840,0.00,UNKNOWN,0
25392.0,10,0,37,0.0000,0.000,nan,19.05,101.030,0.00,UNKNOWN,0
25452.0,10,1,37,0.0000,0.000,nan,19.52,101.119,0.00,UNKNOWN,0
25482.0,6,0,39,0.0000,0.000,nan,19.05,101.077,0.00,UNKNOWN,0
25596.0,6,0,39,0.0000,0.000,nan,18.90,101.078,0.00,UNKNOWN,0
25638.0,8,1,37,0.0000,0.000,nan,18.97,101.039,0.00,UNKNOWN,0
25746.0,6,1,39,0.0000,0.000,nan,18.00,101.110,0.00,UNKNOWN,0
25806.0,10,0,1,0.0000,0.000,nan,18.24,101.186,0.00,UNKNOWN,0
25866.0,10,0,1,0.0000,0.000,nan,18.58,101.183,0.00,UNKNOWN,0
25926.0,10,0,1,0.0000,0.000,nan,18.88,101.180,0.00,UNKNOWN,0
25986.0,10,0,1,0.0000,0.000,nan,19.05,101.182,0.00,UNKNOWN,0
26046.0,10,0,1,0.0000,0.000,nan,19.17,101.179,0.00,UNKNOWN,0
26106.0,10,1,1,0.0000,0.000,nan,19.35,101.174,0.00,UNKNOWN,0
26166.0,10,0,1,0.0000,0.000,nan,19.68,101.178,0.00,UNKNOWN,0
26226.0,10,2,1,0.0000,0.000,nan,19.94,101.177,0.00,UNKNOWN,0
26286.0,10,1,1,0.0000,0.000,nan,19.99,101.168,0.00,UNKNOWN,0
26346.0,10,2,1,0.0000,0.000,nan,20.03,101.174,0.00,UNKNOWN,0
26352.0,2,0,1,0.0000,0.000,nan,20.10,101.170,0.00,UNKNOWN,0
29754.0,10,1,7,0.0000,0.000,nan,21.73,101.050,0.00,UNKNOWN,0
29814.0,10,2,3,0.0000,0.000,nan,21.90,101.051,0.00,UNKNOWN,0
29874.0,10,1,3,0.0000,0.000,nan,21.46,101.038,0.00,UNKNOWN,0
29934.0,10,1,3,0.0000,0.000,nan,21.20,101.041,0.00,UNKNOWN,0
29994.0,10,0,3,0.0000,0.000,nan,20.99,101.036,0.00,UNKNOWN,0
30054.0,10,1,3,0.0000,0.000,nan,20.68,101.031,0.00,UNKNOWN,0
30114.0,10,0,3,0.0000,0.000,nan,20.49,101.031,0.00,UNKNOWN,0
30156.0,8,1,3,0.0000,0.000,nan,20.43,101.017,0.00,UNKNOWN,0
30282.0,10,0,7,0.0000,0.000,nan,20.42,101.024,0.00,UNKNOWN,0
30342.0,10,2,1,0.0000,0.000,nan,20.36,101.024,0.00,UNKNOWN,0
30402.0,10,1,1,0.0000,0.000,nan,20.25,101.025,0.00,UNKNOWN,0
30462.0,10,0,1,0.0000,0.000,nan,20.11,101.023,0.00,UNKNOWN,0
30522.0,10,1,1,0.0000,0.000,nan,19.98,101.025,0.00,UNKNOWN,0
30582.0,10,0,1,0.0000,0.000,nan,19.85,101.015,0.00,UNKNOWN,0
30642.0,10,1,1,0.0000,0.000,nan,19.79,101.016,0.00,UNKNOWN,0
30702.0,10,0,1,0.0000,0.000,nan,19.74,101.013,0.00,UNKNOWN,0
30762.0,10,0,1,0.0000,0.000,nan,19.74,101.013,0.00,UNKNOWN,0
30822.0,10,1,1,0.0000,0.000,nan,19.75,101.009,0.00,UNKNOWN,0
30882.0,10,1,1,0.0000,0.000,nan,19.80,101.008,0.00,UNKNOWN,0
30942.0,10,1,1,0.0000,0.000,nan,19.80,101.006,0.00,UNKNOWN,0
31002.0,10,1,1,0.0000,0.000,nan,19.81,101.000,0.00,UNKNOWN,0
31062.0,10,1,1,0.0000,0.000,nan,19.90,101.002,0.00,UNKNOWN,0
31122.0,10,3,1,0.0000,0.000,nan,19.92,100.997,0.00,UNKNOWN,0
31182.0,10,2,1,0.0000,0.000,nan,19.97,100.994,0.00,UNKNOWN,0
31242.0,10,2,1,0.0000,0.000,nan,20.00,100.994,0.00,UNKNOWN,0
31302.0,10,2,1,0.0000,0.000,nan,20.08,100.996,0.00,UNKNOWN,0
31362.0,10,1,1,0.0000,0.000,nan,20.10,100.991,0.00,UNKNOWN,0
31422.0,10,0,1,0.0000,0.000,nan,20.09,100.994,0.00,UNKNOWN,0
31482.0,10,0,1,0.0000,0.000,nan,20.10,100.991,0.00,UNKNOWN,0
31542.0,10,1,1,0.0000,0.000,nan,20.10,100.992,0.00,UNKNOWN,0
31602.0,10,0,7,0.0000,0.000,nan,20.09,100.990,0.00,UNKNOWN,0
31662.0,10,1,1,0.0000,0.000,nan,20.03,100.987,0.00,UNKNOWN,0
31722.0,10,2,1,0.0000,0.000,nan,19.99,100.984,0.00,UNKNOWN,0
31782.0,10,0,1,0.0000,0.000,nan,19.98,100.975,0.00,UNKNOWN,0
31842.0,10,1,1,0.0000,0.000,nan,19.94,100.974,0.00,UNKNOWN,0
31902.0,10,2,1,0.0000,0.000,nan,19.91,100.965,0.00,UNKNOWN,0
31962.0,10,1,1,0.0000,0.000,nan,19.89,100.964,0.00,UNKNOWN,0
32022.0,10,0,1,0.0000,0.000,nan,19.90,100.963,0.00,UNKNOWN,0
32082.0,10,1,1,0.0000,0.000,nan,19.90,100.958,0.00,UNKNOWN,0
32142.0,10,0,1,0.0000,0.000,nan,19.92,100.956,0.00,UNKNOWN,0
32202.0,10,2,1,0.0000,0.000,nan,19.98,100.957,0.00,UNKNOWN,0
32262.0,10,3,1,0.0000,0.000,nan,19.99,100.951,0.00,UNKNOWN,0
32322.0,10,1,1,0.0000,0.000,nan,20.04,100.951,0.00,UNKNOWN,0
32382.0,10,2,1,0.0000,0.000,nan,20.10,100.948,0.00,UNKNOWN,0
32442.0,10,3,1,0.0000,0.000,nan,20.10,100.941,0.00,UNKNOWN,0
32502.0,10,1,1,0.0000,0.000,nan,20.09,100.937,0.00,UNKNOWN,0
32562.0,10,1,1,0.0000,0.000,nan,20.10,100.931,0.00,UNKNOWN,0
32622.0,10,2,1,0.0000,0.000,nan,20.08,100.931,0.00,UNKNOWN,0
32682.0,10,1,1,0.0000,0.000,nan,20.10,100.930,0.00,UNKNOWN,0
32742.0,10,1,1,0.0000,0.000,nan,20.10,100.924,0.00,UNKNOWN,0
32802.0,10,1,1,0.0000,0.000,nan,20.10,100.926,0.00,UNKNOWN,0
32862.0,10,2,1,0.0000,0.000,nan,20.10,100.924,0.00,UNKNOWN,0
32922.0,10,0,1,0.0000,0.000,nan,20.10,100.920,0.00,UNKNOWN,0
32982.0,10,1,1,0.0000,0.000,nan,20.10,100.922,0.00,UNKNOWN,0
33042.0,10,1,1,0.0000,0.000,nan,20.08,100.917,0.00,UNKNOWN,0
33102.0,10,2,1,0.0000,0.000,nan,20.08,100.909,0.00,UNKNOWN,0
33162.0,10,2,1,0.0000,0.000,nan,20.10,100.910,0.00,UNKNOWN,0
33222.0,10,1,1,0.0000,0.000,nan,20.10,100.909,0.00,UNKNOWN,0
33282.0,10,1,1,0.0000,0.000,nan,20.10,100.906,0.00,UNKNOWN,0
33342.0,10,4,1,0.0000,0.000,nan,20.08,100.902,0.00,UNKNOWN,0
33402.0,10,1,1,0.0000,0.000,nan,20.10,100.898,0.00,UNKNOWN,0
33462.0,10,0,1,0.0000,0.000,nan,20.10,100.890,0.00,UNKNOWN,0
33522.0,10,0,1,0.0000,0.000,nan,20.10,100.884,0.00,UNKNOWN,0
33582.0,10,1,1,0.0000,0.000,nan,20.10,100.878,0.00,UNKNOWN,0
33642.0,10,2,1,0.0000,0.000,nan,20.13,100.875,0.00,UNKNOWN,0
33702.0,10,1,1,0.0000,0.000,nan,20.19,100.871,0.00,UNKNOWN,0
33762.0,10,2,1,0.0000,0.000,nan,20.16,100.872,0.00,UNKNOWN,0
33822.0,10,1,1,0.0000,0.000,nan,20.20,100.869,0.00,UNKNOWN,0
33882.0,10,1,1,0.0000,0.000,nan,20.19,100.875,0.00,UNKNOWN,0
33942.0,10,3,1,0.0000,0.000,nan,20.20,100.873,0.00,UNKNOWN,0
34002.0,10,0,1,0.0000,0.000,nan,20.20,100.872,0.00,UNKNOWN,0
34062.0,10,3,1,0.0000,0.000,nan,20.20,100.870,0.00,UNKNOWN,0
34122.0,10,3,1,0.0000,0.000,nan,20.19,100.874,0.00,UNKNOWN,0
34182.0,10,1,1,0.0000,0.000,nan,20.20,100.869,0.00,UNKNOWN,0
34242.0,10,3,1,0.0000,0.000,nan,20.23,100.867,0.00,UNKNOWN,0
34302.0,10,2,1,0.0000,0.000,nan,20.27,100.862,0.00,UNKNOWN,0
34368.0,10,1,1,0.0000,0.000,nan,20.25,100.860,0.00,UNKNOWN,0
34428.0,10,2,7,0.0000,0.000,nan,20.22,100.854,0.00,UNKNOWN,0
34488.0,10,1,7,0.0000,0.000,nan,20.27,100.851,0.00,UNKNOWN,0
34548.0,10,4,1,0.0000,0.000,nan,20.29,100.853,0.00,UNKNOWN,0
34608.0,10,3,1,0.0000,0.000,nan,20.29,100.850,0.00,UNKNOWN,0
34668.0,10,1,1,0.0000,0.000,nan,20.29,100.848,0.00,UNKNOWN,0
34728.0,10,3,1,0.0000,0.000,nan,20.29,100.831,0.00,UNKNOWN,0
34788.0,10,3,1,0.0000,0.000,nan,20.30,100.831,0.00,UNKNOWN,0
34860.0,10,1,7,0.0000,0.000,nan,20.30,100.834,0.00,UNKNOWN,0
34920.0,10,1,7,0.0000,0.000,nan,20.28,100.830,0.00,UNKNOWN,0
34980.0,10,2,1,0.0000,0.000,nan,20.30,100.829,0.00,UNKNOWN,0
35040.0,10,1,1,0.0000,0.000,nan,20.30,100.825,0.00,UNKNOWN,0
35100.0,10,2,1,0.0000,0.000,nan,20.30,100.823,0.00,UNKNOWN,0
35160.0,10,5,1,0.8696,1.511,13.9,20.30,100.821,0.00,ACTIVE,0
35220.0,10,0,1,0.0000,0.000,nan,20.30,100.820,0.00,UNKNOWN,0
35280.0,10,1,1,0.0000,0.000,nan,20.30,100.817,0.00,UNKNOWN,0
35340.0,10,1,1,0.0000,0.000,nan,20.27,100.817,0.00,UNKNOWN,32
35400.0,10,5,1,0.6109,1.804,26.5,20.23,100.814,0.00,ACTIVE,0
35460.0,10,3,1,0.0000,0.000,nan,20.21,100.808,0.00,UNKNOWN,0
35520.0,10,2,1,0.0000,0.000,nan,20.20,100.808,0.00,UNKNOWN,0
35580.0,10,2,1,0.0000,0.000,nan,20.20,100.808,0.00,UNKNOWN,32
35640.0,10,2,1,0.0000,0.000,nan,20.20,100.801,0.00,UNKNOWN,0
35700.0,10,0,1,0.0000,0.000,nan,20.20,100.797,0.00,UNKNOWN,0
35760.0,10,4,1,0.0000,0.000,nan,20.20,100.795,0.00,UNKNOWN,0
35820.0,10,2,1,0.0000,0.000,nan,20.20,100.791,0.00,UNKNOWN,0
35880.0,10,4,1,0.0000,0.000,nan,20.20,100.789,0.00,UNKNOWN,0
35940.0,10,1,1,0.0000,0.000,nan,20.19,100.783,0.00,UNKNOWN,0
36000.0,10,2,1,0.0000,0.000,nan,20.19,100.780,0.00,UNKNOWN,0
36060.0,10,2,1,0.0000,0.000,nan,20.19,100.771,0.00,UNKNOWN,0
36120.0,10,3,1,0.0000,0.000,nan,20.19,100.765,0.00,UNKNOWN,0
36180.0,10,2,1,0.0000,0.000,nan,20.17,100.763,0.00,UNKNOWN,0
36240.0,10,1,1,0.0000,0.000,nan,20.17,100.763,0.00,UNKNOWN,0
36300.0,10,3,1,0.0000,0.000,nan,20.19,100.760,0.00,UNKNOWN,0
36360.0,10,2,1,0.0000,0.000,nan,20.16,100.760,0.00,UNKNOWN,0
36420.0,10,0,1,0.0000,0.000,nan,20.18,100.759,0.00,UNKNOWN,0
36474.0,10,3,1,0.0000,0.000,nan,20.18,100.763,0.00,UNKNOWN,0
